{
    "accuracy": 0.9729166666666667,
    "classification_report_text": "                      precision    recall  f1-score   support\n\nCOGNITIVE_DISSONANCE       1.00      0.99      0.99       800\n                FOMO       0.98      0.96      0.97       800\n                HERD       1.00      0.96      0.98       800\n       LOSS_AVERSION       0.99      0.98      0.99       800\n             NEUTRAL       0.91      0.97      0.94       800\n               PANIC       0.97      0.97      0.97       800\n\n            accuracy                           0.97      4800\n           macro avg       0.97      0.97      0.97      4800\n        weighted avg       0.97      0.97      0.97      4800\n",
    "class_metrics": {
        "COGNITIVE_DISSONANCE": {
            "precision": 0.9962311557788944,
            "recall": 0.99125,
            "f1-score": 0.993734335839599,
            "support": 800.0
        },
        "FOMO": {
            "precision": 0.9795918367346939,
            "recall": 0.96,
            "f1-score": 0.9696969696969697,
            "support": 800.0
        },
        "HERD": {
            "precision": 0.9961240310077519,
            "recall": 0.96375,
            "f1-score": 0.9796696315120712,
            "support": 800.0
        },
        "LOSS_AVERSION": {
            "precision": 0.9936548223350253,
            "recall": 0.97875,
            "f1-score": 0.9861460957178841,
            "support": 800.0
        },
        "NEUTRAL": {
            "precision": 0.9111111111111111,
            "recall": 0.97375,
            "f1-score": 0.9413897280966768,
            "support": 800.0
        },
        "PANIC": {
            "precision": 0.9663760896637609,
            "recall": 0.97,
            "f1-score": 0.9681846537741734,
            "support": 800.0
        },
        "accuracy": 0.9729166666666667,
        "macro avg": {
            "precision": 0.9738481744385395,
            "recall": 0.9729166666666665,
            "f1-score": 0.9731369024395624,
            "support": 4800.0
        },
        "weighted avg": {
            "precision": 0.9738481744385395,
            "recall": 0.9729166666666667,
            "f1-score": 0.9731369024395625,
            "support": 4800.0
        }
    },
    "dataset_size": 24000
}